<?xml version="1.0" encoding="UTF-8"?>
<project-private xmlns="http://www.netbeans.org/ns/project-private/1">
    <editor-bookmarks xmlns="http://www.netbeans.org/ns/editor-bookmarks/2" lastBookmarkId="0"/>
    <open-files xmlns="http://www.netbeans.org/ns/projectui-open-files/2">
        <group>
            <file>file:/D:/SOF203/AssDuAnMau/src/Services/impl/ChiTietSPServiceimpl.java</file>
            <file>file:/D:/SOF203/AssDuAnMau/src/Repositories/SanPhamResponsitory.java</file>
            <file>file:/D:/SOF203/AssDuAnMau/src/Services/ChiTietSPService.java</file>
            <file>file:/D:/SOF203/AssDuAnMau/src/DomainModel/LoaiSP.java</file>
            <file>file:/D:/SOF203/AssDuAnMau/src/Views/ViewNhanVien.java</file>
        </group>
    </open-files>
</project-private>
